create table colegio (
  id_colegio int generated by default as identity (start with 1) primary key,
  nombre varchar(25) not null
);

insert into colegio (id_colegio, nombre) values ('1','El colegio del Olimpo');

create table curso (
  id_curso int generated by default as identity (start with 1) primary key,
  grado int not null,
  salon varchar(25) not null,
  id_colegio int not null
);

insert into curso (id_curso, grado, salon, id_colegio ) values ('1','10','10A',1);
insert into curso (id_curso, grado, salon, id_colegio) values ('2','10','10B',1);
insert into curso (id_curso, grado, salon, id_colegio) values ('3','11','11A',1);
insert into curso (id_curso, grado, salon, id_colegio) values ('4','11','11B',1);

--Relacion de uno a muchos
create table asignatura (
  id_asignatura int generated by default as identity (start with 1) primary key,
  nombre varchar(25) not null,
  id_profesor int not null
);

insert into asignatura (id_asignatura, nombre, id_profesor  ) values ('1','Matematicas','1');
insert into asignatura (id_asignatura, nombre, id_profesor  ) values ('2','Español','2');
insert into asignatura (id_asignatura, nombre, id_profesor  ) values ('3','PreIcfes','1');
insert into asignatura (id_asignatura, nombre, id_profesor  ) values ('4','Ingles básico','3');
insert into asignatura (id_asignatura, nombre, id_profesor  ) values ('5','Ingles Avanzado','3');

create table profesor (
  id_profesor int generated by default as identity (start with 1) primary key,
  nombre varchar(25) not null
);

insert into profesor (id_profesor, nombre) values ('1','Némesis');
insert into profesor (id_profesor, nombre) values ('2','Príapo');
insert into profesor (id_profesor, nombre) values ('3','Iris');

create table estudiante (
  id_estudiante int generated by default as identity (start with 1) primary key,
  nombre varchar(25) not null
);

insert into estudiante (id_estudiante, nombre ) values ('1','Afrodita');
insert into estudiante (id_estudiante, nombre ) values ('2','Apolo');
insert into estudiante (id_estudiante, nombre ) values ('3','Ares');
insert into estudiante (id_estudiante, nombre ) values ('4','Artemisa');
insert into estudiante (id_estudiante, nombre ) values ('5','Atenea');
insert into estudiante (id_estudiante, nombre ) values ('6','Dionisio');
insert into estudiante (id_estudiante, nombre ) values ('7','Hefesto');
insert into estudiante (id_estudiante, nombre ) values ('8','Hera');
insert into estudiante (id_estudiante, nombre ) values ('9','Hermes');
insert into estudiante (id_estudiante, nombre ) values ('10','Hades');
insert into estudiante (id_estudiante, nombre ) values ('11','Poseidón');
insert into estudiante (id_estudiante, nombre) values ('12','Zeus');

--Relacion Muchos a Muchos
CREATE TABLE IF NOT EXISTS ESTUDIANTE_ASIGNATURA (
    id_estudiante bigint not null,
    id_asignatura bigint not null
);

insert into ESTUDIANTE_ASIGNATURA  values (1,1);
insert into ESTUDIANTE_ASIGNATURA  values (1,2);
insert into ESTUDIANTE_ASIGNATURA  values (1,4);

insert into ESTUDIANTE_ASIGNATURA  values (2,1);
insert into ESTUDIANTE_ASIGNATURA  values (2,2);
insert into ESTUDIANTE_ASIGNATURA  values (2,4);

insert into ESTUDIANTE_ASIGNATURA  values (3,1);
insert into ESTUDIANTE_ASIGNATURA  values (3,2);
insert into ESTUDIANTE_ASIGNATURA  values (3,4);

insert into ESTUDIANTE_ASIGNATURA  values (4,1);
insert into ESTUDIANTE_ASIGNATURA  values (4,2);
insert into ESTUDIANTE_ASIGNATURA  values (4,5);

insert into ESTUDIANTE_ASIGNATURA  values (5,1);
insert into ESTUDIANTE_ASIGNATURA  values (5,2);
insert into ESTUDIANTE_ASIGNATURA  values (5,5);

insert into ESTUDIANTE_ASIGNATURA  values (6,1);
insert into ESTUDIANTE_ASIGNATURA  values (6,2);
insert into ESTUDIANTE_ASIGNATURA  values (6,5);

insert into ESTUDIANTE_ASIGNATURA  values (7,1);
insert into ESTUDIANTE_ASIGNATURA  values (7,3);

insert into ESTUDIANTE_ASIGNATURA  values (8,1);
insert into ESTUDIANTE_ASIGNATURA  values (8,3);

insert into ESTUDIANTE_ASIGNATURA  values (9,1);
insert into ESTUDIANTE_ASIGNATURA  values (9,3);
insert into ESTUDIANTE_ASIGNATURA  values (10,1);
insert into ESTUDIANTE_ASIGNATURA  values (10,3);
insert into ESTUDIANTE_ASIGNATURA  values (11,1);
insert into ESTUDIANTE_ASIGNATURA  values (11,3);
insert into ESTUDIANTE_ASIGNATURA  values (12,1);
insert into ESTUDIANTE_ASIGNATURA  values (12,3);